[
  {
    "type": "Bed",
    "properties": {
      "type": "BUNK",
      "material": "WOOD",
      "length": 66,
      "width": 66,
      "height": 66,
      "name": "Bed"
    }
  },
  {
    "type": "Cabinetry",
    "properties": {
      "type": "PANTRY",
      "material": "WOOD",
      "length": 56,
      "width": 33,
      "height": 11,
      "name": "Cabinetry"
    }
  },
  {
    "type": "Bed",
    "properties": {
      "type": "WATERBED",
      "material": "PLASTIC",
      "length": 44,
      "width": 166,
      "height": 55,
      "name": "Bed"
    }
  }
]